{
  "passId": "graph-statistics",
  "phase": "GRAPH_CONSTRUCTION",
  "stats": {
    "conceptHierarchy.totalConcepts": 132,
    "conceptHierarchy.maxLevel": 4,
    "conceptHierarchy.rootCount": 3,
    "conceptHierarchy.leafCount": 111,
    "conceptHierarchy.averageDepth": 2.696969696969697,
    "conceptHierarchy.edgeCount": 129,
    "knowledgeGraph.nodeCount": 47,
    "knowledgeGraph.edgeCount": 140,
    "knowledgeGraph.adjacencyCount": 47,
    "knowledgeGraph.averageImportance": 0.17021276595744667,
    "pagerankScores.node-1": 0.031052322912727075,
    "pagerankScores.node-2": 0.01638873216065774,
    "pagerankScores.node-4": 0.01638873216065774,
    "pagerankScores.node-6": 0.04082805008077328,
    "pagerankScores.node-7": 0.014759444299316703,
    "pagerankScores.node-9": 0.014759444299316703,
    "pagerankScores.node-11": 0.014759444299316703,
    "pagerankScores.node-13": 0.04082805008077328,
    "pagerankScores.node-14": 0.014759444299316703,
    "pagerankScores.node-16": 0.014759444299316703,
    "pagerankScores.node-18": 0.014759444299316703,
    "pagerankScores.node-20": 0.012011871991232808,
    "pagerankScores.node-21": 0.11414600384111995,
    "pagerankScores.node-23": 0.012011871991232808,
    "pagerankScores.node-25": 0.012011871991232808,
    "pagerankScores.node-27": 0.012011871991232808,
    "pagerankScores.node-29": 0.012011871991232808,
    "pagerankScores.node-31": 0.012011871991232808,
    "pagerankScores.node-39": 0.012011871991232808,
    "pagerankScores.node-46": 0.012011871991232808,
    "pagerankScores.node-53": 0.012011871991232808,
    "pagerankScores.node-60": 0.02083225462076349,
    "pagerankScores.node-67": 0.012011871991232808,
    "pagerankScores.node-74": 0.012011871991232811,
    "pagerankScores.node-75": 0.11414600384111998,
    "pagerankScores.node-77": 0.012011871991232811,
    "pagerankScores.node-79": 0.012011871991232811,
    "pagerankScores.node-81": 0.012011871991232811,
    "pagerankScores.node-83": 0.012011871991232811,
    "pagerankScores.node-85": 0.012011871991232811,
    "pagerankScores.node-93": 0.012011871991232811,
    "pagerankScores.node-100": 0.012011871991232811,
    "pagerankScores.node-107": 0.012011871991232811,
    "pagerankScores.node-114": 0.012011871991232811,
    "pagerankScores.node-127": 0.012315512507305153,
    "pagerankScores.node-128": 0.1288095945931893,
    "pagerankScores.node-130": 0.012315512507305153,
    "pagerankScores.node-132": 0.012315512507305153,
    "pagerankScores.node-134": 0.012315512507305153,
    "pagerankScores.node-136": 0.012315512507305153,
    "pagerankScores.node-138": 0.012315512507305153,
    "pagerankScores.node-146": 0.012315512507305153,
    "pagerankScores.node-153": 0.012315512507305153,
    "pagerankScores.node-160": 0.012315512507305153,
    "pagerankScores.node-167": 0.012315512507305153,
    "pagerankScores.node-174": 0.012315512507305153,
    "pagerankScores.node-181": 0.012315512507305153,
    "graphStatistics.nodeCount": 47,
    "graphStatistics.edgeCount": 140,
    "graphStatistics.density": 0.12950971322849214,
    "graphStatistics.averageDegree": 1.7872340425531914,
    "graphStatistics.averageClusteringCoefficient": 1,
    "graphStatistics.diameter": 4,
    "graphStatistics.connectedComponents": 5
  },
  "validation": {
    "pass": "graph-statistics",
    "valid": true,
    "checks": []
  },
  "result": {
    "status": "success",
    "errors": 0,
    "warnings": 0
  }
}